[
	{
		"STATE": "KERALA",
		"NO_CONTESTING_CANDIDATES": 220,
		"PENDING_CRIMINAL_CASES_PER_CANDIDATE": 3.29
	},
	{
		"STATE": "DAMAN AND DIU",
		"NO_CONTESTING_CANDIDATES": 4,
		"PENDING_CRIMINAL_CASES_PER_CANDIDATE": 3.25
	},
	{
		"STATE": "WEST BENGAL",
		"NO_CONTESTING_CANDIDATES": 466,
		"PENDING_CRIMINAL_CASES_PER_CANDIDATE": 0.93
	},
	{
		"STATE": "LAKSHADWEEP",
		"NO_CONTESTING_CANDIDATES": 6,
		"PENDING_CRIMINAL_CASES_PER_CANDIDATE": 0.83
	},
	{
		"STATE": "DADRA AND NAGAR HAVELI",
		"NO_CONTESTING_CANDIDATES": 11,
		"PENDING_CRIMINAL_CASES_PER_CANDIDATE": 0.82
	},
	{
		"STATE": "BIHAR",
		"NO_CONTESTING_CANDIDATES": 655,
		"PENDING_CRIMINAL_CASES_PER_CANDIDATE": 0.79
	},
	{
		"STATE": "UTTAR PRADESH",
		"NO_CONTESTING_CANDIDATES": 932,
		"PENDING_CRIMINAL_CASES_PER_CANDIDATE": 0.77
	},
	{
		"STATE": "ODISHA",
		"NO_CONTESTING_CANDIDATES": 173,
		"PENDING_CRIMINAL_CASES_PER_CANDIDATE": 0.72
	},
	{
		"STATE": "MAHARASHTRA",
		"NO_CONTESTING_CANDIDATES": 836,
		"PENDING_CRIMINAL_CASES_PER_CANDIDATE": 0.63
	},
	{
		"STATE": "JHARKHAND",
		"NO_CONTESTING_CANDIDATES": 227,
		"PENDING_CRIMINAL_CASES_PER_CANDIDATE": 0.55
	},
	{
		"STATE": "TELANGANA",
		"NO_CONTESTING_CANDIDATES": 439,
		"PENDING_CRIMINAL_CASES_PER_CANDIDATE": 0.54
	},
	{
		"STATE": "ANDHRA PRADESH",
		"NO_CONTESTING_CANDIDATES": 315,
		"PENDING_CRIMINAL_CASES_PER_CANDIDATE": 0.48
	},
	{
		"STATE": "GUJARAT",
		"NO_CONTESTING_CANDIDATES": 371,
		"PENDING_CRIMINAL_CASES_PER_CANDIDATE": 0.4
	},
	{
		"STATE": "GOA",
		"NO_CONTESTING_CANDIDATES": 12,
		"PENDING_CRIMINAL_CASES_PER_CANDIDATE": 0.33
	},
	{
		"STATE": "TAMIL NADU",
		"NO_CONTESTING_CANDIDATES": 804,
		"PENDING_CRIMINAL_CASES_PER_CANDIDATE": 0.33
	},
	{
		"STATE": "HIMACHAL PRADESH",
		"NO_CONTESTING_CANDIDATES": 57,
		"PENDING_CRIMINAL_CASES_PER_CANDIDATE": 0.3
	},
	{
		"STATE": "MANIPUR",
		"NO_CONTESTING_CANDIDATES": 19,
		"PENDING_CRIMINAL_CASES_PER_CANDIDATE": 0.26
	},
	{
		"STATE": "HARYANA",
		"NO_CONTESTING_CANDIDATES": 223,
		"PENDING_CRIMINAL_CASES_PER_CANDIDATE": 0.25
	},
	{
		"STATE": "ASSAM",
		"NO_CONTESTING_CANDIDATES": 144,
		"PENDING_CRIMINAL_CASES_PER_CANDIDATE": 0.25
	},
	{
		"STATE": "RAJASTHAN",
		"NO_CONTESTING_CANDIDATES": 249,
		"PENDING_CRIMINAL_CASES_PER_CANDIDATE": 0.24
	},
	{
		"STATE": "MADHYA PRADESH",
		"NO_CONTESTING_CANDIDATES": 434,
		"PENDING_CRIMINAL_CASES_PER_CANDIDATE": 0.24
	},
	{
		"STATE": "PUNJAB",
		"NO_CONTESTING_CANDIDATES": 277,
		"PENDING_CRIMINAL_CASES_PER_CANDIDATE": 0.23
	},
	{
		"STATE": "KARNATAKA",
		"NO_CONTESTING_CANDIDATES": 469,
		"PENDING_CRIMINAL_CASES_PER_CANDIDATE": 0.22
	},
	{
		"STATE": "UTTARAKHAND",
		"NO_CONTESTING_CANDIDATES": 51,
		"PENDING_CRIMINAL_CASES_PER_CANDIDATE": 0.2
	},
	{
		"STATE": "PUDUCHERRY",
		"NO_CONTESTING_CANDIDATES": 17,
		"PENDING_CRIMINAL_CASES_PER_CANDIDATE": 0.18
	},
	{
		"STATE": "JAMMU AND KASHMIR",
		"NO_CONTESTING_CANDIDATES": 79,
		"PENDING_CRIMINAL_CASES_PER_CANDIDATE": 0.18
	},
	{
		"STATE": "NATIONAL CAPITAL TERRITORY OF DELHI",
		"NO_CONTESTING_CANDIDATES": 159,
		"PENDING_CRIMINAL_CASES_PER_CANDIDATE": 0.17
	},
	{
		"STATE": "TRIPURA",
		"NO_CONTESTING_CANDIDATES": 23,
		"PENDING_CRIMINAL_CASES_PER_CANDIDATE": 0.17
	},
	{
		"STATE": "ARUNACHAL PRADESH",
		"NO_CONTESTING_CANDIDATES": 12,
		"PENDING_CRIMINAL_CASES_PER_CANDIDATE": 0.17
	},
	{
		"STATE": "CHHATTISGARH",
		"NO_CONTESTING_CANDIDATES": 165,
		"PENDING_CRIMINAL_CASES_PER_CANDIDATE": 0.16
	},
	{
		"STATE": "CHANDIGARH",
		"NO_CONTESTING_CANDIDATES": 36,
		"PENDING_CRIMINAL_CASES_PER_CANDIDATE": 0.08
	},
	{
		"STATE": "ANDAMAN AND NICOBAR ISLANDS",
		"NO_CONTESTING_CANDIDATES": 15,
		"PENDING_CRIMINAL_CASES_PER_CANDIDATE": 0.07
	},
	{
		"STATE": "MEGHALAYA",
		"NO_CONTESTING_CANDIDATES": 9,
		"PENDING_CRIMINAL_CASES_PER_CANDIDATE": 0.0
	},
	{
		"STATE": "MIZORAM",
		"NO_CONTESTING_CANDIDATES": 6,
		"PENDING_CRIMINAL_CASES_PER_CANDIDATE": 0.0
	},
	{
		"STATE": "NAGALAND",
		"NO_CONTESTING_CANDIDATES": 4,
		"PENDING_CRIMINAL_CASES_PER_CANDIDATE": 0.0
	},
	{
		"STATE": "SIKKIM",
		"NO_CONTESTING_CANDIDATES": 11,
		"PENDING_CRIMINAL_CASES_PER_CANDIDATE": 0.0
	}
]